section,field_name,sheet_type,source_workbook,tab_name_in_sheet,header_in_sheet,unit,plants,required_or_optional,feeds_these_metrics,notes
,,,,,,,,,,
DIMENSION — from sheet structure (not a cell value; set in sources.py),,,,,,,,,
D1,Plant code,Both,sources.py registry,—,—,—,PIPE / GARDEN / HDPE / MOULDING / PTMT / CP / TANK,Required,All metrics,Hard-coded in sources.py per workbook. Never read from a cell.
D2,Segment label,Both,sources.py registry,—,—,—,All,Required,Segment-level rollups,e.g. "Pipe" / "Garden Pipe" / "HDPE" / "Moulding". Set per source entry.
D3,Unit of measure,Both,sources.py registry,—,—,kg or pcs,All,Required,Output / Rejection display,kg for extrusion plants; pcs for Moulding.
D4,Source file ID,Both,sources.py registry,—,—,—,All,Required,Data Confirmation (file coverage),Google Sheet file ID pinned in sources.py. Must be added when a new monthly file is created.
D5,Source tab name,Both,sources.py registry,—,—,—,All,Required,Data Confirmation (tab coverage),e.g. "Pipe M/C 26-27" / "Report-5" / "Daily Report".
,,,,,,,,,,
MONTHLY GRAIN — Annual Summary Workbooks (one workbook per plant; per-machine detail tabs M/C-1 M/C-2 …),,,,,,,,,
M1,Month label,Annual Monthly,Pipe / Garden / HDPE / Moulding M/C Summary,M/C detail tab (M/C-1 etc.),"APR'26 / APR-26 / JUNE'26 (first column of each data row)",YYYY-MM,PIPE GARDEN HDPE MOULDING,Required,Period filtering / trend,Parsed to YYYY-MM (e.g. 2026-04). Rows with no recognisable month label are skipped.
M2,Machine label,Annual Monthly,Pipe / Garden / HDPE / Moulding M/C Summary,M/C detail tab,"MACHINE / MOULD MACHINE column (merged cell; carried forward across months)",text,All,Required,Machine-level rollup / Confirmation roster,Merged cell — appears once then blank; parser carries it forward. Prefixed with plant code to form the full machine key (e.g. "PIPE M/C-1").
M3,Mould / Material code,Annual Monthly,Moulding M/C Summary (primary); others where present,M/C detail tab,Column immediately before the month column,text,MOULDING (and some PIPE / GARDEN rows),Optional,Mould-level rollup,Merged cell carried forward like machine label. Used as both mould and material fields.
M4,Ideal Hours,Annual Monthly,All annual workbooks,M/C detail tab,"Ideal Hours (merged; carried forward across months)",hours,All,Required,Utilisation = Actual Hours ÷ Ideal Hours,Merged cell. If blank for a month row the last non-blank value is used. A zero means the machine was not planned that month.
M5,Actual Hours,Annual Monthly,All annual workbooks,M/C detail tab,Actual Hours,hours,All,Required,Utilisation,Run time actually recorded. Rows where both Actual Hours and Output are zero are skipped (future month).
M6,Actual Output (KG / PCS),Annual Monthly,All annual workbooks,M/C detail tab,"Actual Output (KG) / Output (KG) / Output (PCS) — header varies by plant",kg or pcs,All,Required,"Output Efficiency, Rejection %, OEE Quality",Raw produced quantity. Stored % cells in the sheet are ignored — all ratios are recomputed here.
M7,Ideal Output rate (kg/hr or pcs/hr),Annual Monthly,All annual workbooks,M/C detail tab,"Ideal Output column (=ideal rate; e.g. 120 kg/hr)",kg/hr or pcs/hr,All,Required,Output Efficiency = Actual Output ÷ (Actual Hours × Ideal Rate),Merged cell; parser stores it as ideal_rate and computes ideal_output = actual_hours × ideal_rate. Never read from the stored Output Efficiency % cell.
M8,Rejection (KG / PCS),Annual Monthly,All annual workbooks,M/C detail tab,"Rejection (KG) / Rejection — the % column is deliberately ignored",kg or pcs,All,Optional (blank = 0),Rejection %  = Rejection ÷ Actual Output,Rejection % is always recomputed. The stored rejection % cell in the sheet is never read.
M9,Runner / Lumps,Annual Monthly,Moulding M/C Summary,M/C detail tab,Runner,kg,MOULDING,Optional (Moulding only),Runner % = Runner ÷ Output,Moulding-specific waste category. Zero for all other plants.
,,,,,,,,,,
DAILY GRAIN — Per-Month Daily Workbooks (one workbook per plant per month; currently active for PIPE and GARDEN),,,,,,,,,
DA1,Date column header,Daily Per-Month,PIPE / GARDEN daily workbooks,"Report-5 (Pipe) / Daily Report (Garden)","Date label in repeating column group header — e.g. ""Apr, 1"" or ""01-Apr-26""",date,PIPE GARDEN,Required,Period / day filtering,"Detected as day-of-month (1–31). Combined with the workbook's YYYY-MM to produce the full ISO date (e.g. 2026-04-01). Non-date headers (merged blanks / summary labels) are skipped."
DA2,Machine label (daily),Daily Per-Month,PIPE / GARDEN daily workbooks,Same tab as above,"MACHINE / M/C NO. row label (left side of the wide matrix)",text,PIPE GARDEN,Required,Machine-level daily rollup,"Row label. Rows labelled TOTAL / PART-1 / PART-2 / %AGE are skipped. Must match an M/C-n key from the monthly grid (M or MACHINE + number) — otherwise the row is dropped at join to prevent mis-joins."
DA3,Run Hours (daily),Daily Per-Month,PIPE / GARDEN daily workbooks,Same tab,"Run Hours sub-column inside each date group (sub-header contains ""RUN"")",hours,PIPE GARDEN,Required,Utilisation (daily),Hours actually run on that machine on that date. Rows where both Run Hours and Output are zero are skipped.
DA4,Output (daily),Daily Per-Month,PIPE / GARDEN daily workbooks,Same tab,"Output sub-column inside each date group (sub-header contains ""OUTPUT"")",kg,PIPE GARDEN,Required,"Output Efficiency, Rejection % (daily)",Actual output for that machine on that date. For PIPE: this is net-of-rejection (gross output minus rejects) — causing a ~6.6 % reconciliation gap vs the monthly grid which records gross output. This is documented as a known honest discrepancy.
DA5,Rejection (daily),Daily Per-Month,PIPE / GARDEN daily workbooks,Same tab,"Rejection sub-column inside each date group (sub-header contains ""REJECT"")",kg,PIPE GARDEN,Optional (blank = 0),Rejection % (daily),Rejection for that machine on that date.
,,,,,,,,,,
JOINED FROM MONTHLY GRID (not read from the daily file — looked up at load time),,,,,,,,,
J1,Ideal Rate (joined),Daily Per-Month,Looked up from the cached monthly Record for the same machine + month,—,—,kg/hr,PIPE GARDEN,Required for Output Efficiency daily,"Output Efficiency (daily) = Daily Output ÷ (Run Hours × Ideal Rate)","The daily workbook does not carry an ideal rate column. It is joined from the matching monthly M/C-n row so that per-day ideal output is consistent with the monthly engine."
J2,Ideal Hours per active day (joined),Daily Per-Month,Derived: monthly Ideal Hours ÷ count of active days that month,—,—,hours/day,PIPE GARDEN,Required for Utilisation daily,Utilisation (daily) = Run Hours ÷ (Monthly Ideal Hours ÷ Active Days),"Ensures a full-month daily rollup reconciles exactly with the monthly Utilisation figure. Active days = days where either Run Hours or Output > 0 for that machine."
,,,,,,,,,,
DASHBOARD OUTPUT — metrics computed from the above fields (never read from stored % cells),,,,,,,,,
O1,Utilisation,Computed,—,—,—,%,All,"Actual Hours ÷ Ideal Hours",Headline KPI for monthly-grain plants (HDPE / MOULDING / PTMT / CP / TANK),—
O2,Output Efficiency,Computed,—,—,—,%,All,"Actual Output ÷ (Actual Hours × Ideal Rate)",Primary headline metric; shown instead of OEE for non-daily plants,—
O3,Rejection %,Computed,—,—,—,%,All,Rejection ÷ Actual Output,Always recomputed; stored % cell in sheet is ignored,—
O4,Runner %,Computed,—,—,—,%,MOULDING,Runner Lumps ÷ Actual Output,Moulding-specific,—
O5,OEE (Availability × Performance × Quality),Computed,—,—,—,%,Future (requires shift-log rows with shift_len_min > 0),"A = Run Time ÷ PPT, P = Actual Output ÷ Ideal Theoretical Output, Q = Good Count ÷ Total Count","Not active in current live data — live plants use the daily-matrix path (hours/output direct) not shift-log path. Architecture supports it when shift-log rows are present."
